Type, Case, RSS, Limit
Trivial,1 Proc 64 MB,16385,16384
Trivial,1 Proc 64 MB,16385,16384
Trivial,1 Proc 64 MB,16385,16384
Trivial,1 Proc 64 MB,16385,16384
Trivial,1 Proc 64 MB,16385,16384
Trivial,1 Proc 64 MB,16385,16384
Trivial,1 Proc 64 MB,16385,16384
Trivial,1 Proc 64 MB,16385,16384
Trivial,1 Proc 64 MB,16385,16384
Trivial,1 Proc 64 MB,16385,16384
Trivial,1 Proc 128 MB,32769,32768
Trivial,1 Proc 128 MB,32769,32768
Trivial,1 Proc 128 MB,32769,32768
Trivial,1 Proc 128 MB,32769,32768
Trivial,1 Proc 128 MB,32769,32768
Trivial,1 Proc 128 MB,32769,32768
Trivial,1 Proc 128 MB,32769,32768
Trivial,1 Proc 128 MB,32769,32768
Trivial,1 Proc 128 MB,32769,32768
Trivial,1 Proc 128 MB,32769,32768
Trivial,4 Proc 64 MB,16385,16384
Trivial,4 Proc 64 MB,16385,16384
Trivial,4 Proc 64 MB,16385,16384
Trivial,4 Proc 64 MB,16385,16384
Trivial,4 Proc 64 MB,16385,16384
Trivial,4 Proc 64 MB,16385,16384
Trivial,4 Proc 64 MB,16385,16384
Trivial,4 Proc 64 MB,16385,16384
Trivial,4 Proc 64 MB,16385,16384
Trivial,4 Proc 64 MB,16544,16384
Trivial,4 Proc 64 MB,16385,16384
Trivial,4 Proc 64 MB,16385,16384
Trivial,4 Proc 64 MB,16385,16384
Trivial,4 Proc 64 MB,16749,16384
Trivial,4 Proc 64 MB,16385,16384
Trivial,4 Proc 64 MB,16385,16384
Trivial,4 Proc 64 MB,16385,16384
Trivial,4 Proc 64 MB,16519,16384
Trivial,4 Proc 64 MB,16385,16384
Trivial,4 Proc 64 MB,16385,16384
Trivial,4 Proc 128 MB,32769,32768
Trivial,4 Proc 128 MB,32769,32768
Trivial,4 Proc 128 MB,32822,32768
Trivial,4 Proc 128 MB,32769,32768
Trivial,4 Proc 128 MB,32769,32768
Trivial,4 Proc 128 MB,32769,32768
Trivial,4 Proc 128 MB,32769,32768
Trivial,4 Proc 128 MB,32769,32768
Trivial,4 Proc 128 MB,32769,32768
Trivial,4 Proc 128 MB,32836,32768
Trivial,4 Proc 128 MB,32769,32768
Trivial,4 Proc 128 MB,32769,32768
Trivial,4 Proc 128 MB,32769,32768
Trivial,4 Proc 128 MB,33115,32768
Trivial,4 Proc 128 MB,32769,32768
Trivial,4 Proc 128 MB,32769,32768
Trivial,4 Proc 128 MB,32769,32768
Trivial,4 Proc 128 MB,32769,32768
Trivial,4 Proc 128 MB,32769,32768
Trivial,4 Proc 128 MB,32769,32768
Timer,1 Proc 64 MB,16783,16384
Timer,1 Proc 64 MB,17209,16384
Timer,1 Proc 64 MB,17552,16384
Timer,1 Proc 64 MB,16868,16384
Timer,1 Proc 64 MB,17922,16384
Timer,1 Proc 64 MB,16856,16384
Timer,1 Proc 64 MB,17675,16384
Timer,1 Proc 64 MB,16895,16384
Timer,1 Proc 64 MB,16610,16384
Timer,1 Proc 64 MB,16806,16384
Timer,1 Proc 128 MB,34419,32768
Timer,1 Proc 128 MB,32776,32768
Timer,1 Proc 128 MB,32904,32768
Timer,1 Proc 128 MB,33597,32768
Timer,1 Proc 128 MB,34038,32768
Timer,1 Proc 128 MB,32803,32768
Timer,1 Proc 128 MB,34446,32768
Timer,1 Proc 128 MB,35559,32768
Timer,1 Proc 128 MB,34227,32768
Timer,1 Proc 128 MB,35475,32768
Timer,4 Proc 64 MB,18217,16384
Timer,4 Proc 64 MB,17517,16384
Timer,4 Proc 64 MB,17586,16384
Timer,4 Proc 64 MB,18159,16384
Timer,4 Proc 64 MB,19313,16384
Timer,4 Proc 64 MB,17137,16384
Timer,4 Proc 64 MB,17613,16384
Timer,4 Proc 64 MB,16930,16384
Timer,4 Proc 64 MB,17721,16384
Timer,4 Proc 64 MB,17106,16384
Timer,4 Proc 64 MB,18750,16384
Timer,4 Proc 64 MB,18322,16384
Timer,4 Proc 64 MB,19128,16384
Timer,4 Proc 64 MB,19234,16384
Timer,4 Proc 64 MB,20285,16384
Timer,4 Proc 64 MB,18246,16384
Timer,4 Proc 64 MB,20662,16384
Timer,4 Proc 64 MB,19097,16384
Timer,4 Proc 64 MB,20119,16384
Timer,4 Proc 64 MB,17756,16384
Timer,4 Proc 128 MB,35457,32768
Timer,4 Proc 128 MB,35026,32768
Timer,4 Proc 128 MB,35549,32768
Timer,4 Proc 128 MB,33555,32768
Timer,4 Proc 128 MB,34674,32768
Timer,4 Proc 128 MB,34919,32768
Timer,4 Proc 128 MB,35880,32768
Timer,4 Proc 128 MB,33119,32768
Timer,4 Proc 128 MB,36020,32768
Timer,4 Proc 128 MB,34001,32768
Timer,4 Proc 128 MB,35400,32768
Timer,4 Proc 128 MB,32904,32768
Timer,4 Proc 128 MB,34570,32768
Timer,4 Proc 128 MB,37572,32768
Timer,4 Proc 128 MB,33591,32768
Timer,4 Proc 128 MB,32855,32768
Timer,4 Proc 128 MB,33567,32768
Timer,4 Proc 128 MB,34293,32768
Timer,4 Proc 128 MB,33339,32768
Timer,4 Proc 128 MB,33752,32768
New OOM Killer,1 Proc 64 MB,16684,16384
New OOM Killer,1 Proc 64 MB,16677,16384
New OOM Killer,1 Proc 64 MB,16470,16384
New OOM Killer,1 Proc 64 MB,16552,16384
New OOM Killer,1 Proc 64 MB,16496,16384
New OOM Killer,1 Proc 64 MB,16784,16384
New OOM Killer,1 Proc 64 MB,17399,16384
New OOM Killer,1 Proc 64 MB,16636,16384
New OOM Killer,1 Proc 64 MB,16709,16384
New OOM Killer,1 Proc 64 MB,17075,16384
New OOM Killer,1 Proc 128 MB,32791,32768
New OOM Killer,1 Proc 128 MB,33603,32768
New OOM Killer,1 Proc 128 MB,33422,32768
New OOM Killer,1 Proc 128 MB,33007,32768
New OOM Killer,1 Proc 128 MB,33684,32768
New OOM Killer,1 Proc 128 MB,32917,32768
New OOM Killer,1 Proc 128 MB,33309,32768
New OOM Killer,1 Proc 128 MB,33349,32768
New OOM Killer,1 Proc 128 MB,32842,32768
New OOM Killer,1 Proc 128 MB,32998,32768
New OOM Killer,4 Proc 64 MB,17070,16384
New OOM Killer,4 Proc 64 MB,16720,16384
New OOM Killer,4 Proc 64 MB,17332,16384
New OOM Killer,4 Proc 64 MB,16695,16384
New OOM Killer,4 Proc 64 MB,16941,16384
New OOM Killer,4 Proc 64 MB,16465,16384
New OOM Killer,4 Proc 64 MB,16887,16384
New OOM Killer,4 Proc 64 MB,16895,16384
New OOM Killer,4 Proc 64 MB,16777,16384
New OOM Killer,4 Proc 64 MB,16623,16384
New OOM Killer,4 Proc 64 MB,16954,16384
New OOM Killer,4 Proc 64 MB,16427,16384
New OOM Killer,4 Proc 64 MB,17437,16384
New OOM Killer,4 Proc 64 MB,16396,16384
New OOM Killer,4 Proc 64 MB,17643,16384
New OOM Killer,4 Proc 64 MB,16696,16384
New OOM Killer,4 Proc 64 MB,16608,16384
New OOM Killer,4 Proc 64 MB,17204,16384
New OOM Killer,4 Proc 64 MB,17855,16384
New OOM Killer,4 Proc 64 MB,16521,16384
New OOM Killer,4 Proc 128 MB,34660,32768
New OOM Killer,4 Proc 128 MB,33508,32768
New OOM Killer,4 Proc 128 MB,33128,32768
New OOM Killer,4 Proc 128 MB,33189,32768
New OOM Killer,4 Proc 128 MB,35079,32768
New OOM Killer,4 Proc 128 MB,35571,32768
New OOM Killer,4 Proc 128 MB,36310,32768
New OOM Killer,4 Proc 128 MB,33347,32768
New OOM Killer,4 Proc 128 MB,33713,32768
New OOM Killer,4 Proc 128 MB,34351,32768
New OOM Killer,4 Proc 128 MB,34448,32768
New OOM Killer,4 Proc 128 MB,33637,32768
New OOM Killer,4 Proc 128 MB,33302,32768
New OOM Killer,4 Proc 128 MB,33458,32768
New OOM Killer,4 Proc 128 MB,34168,32768
New OOM Killer,4 Proc 128 MB,32819,32768
New OOM Killer,4 Proc 128 MB,33090,32768
New OOM Killer,4 Proc 128 MB,34784,32768
New OOM Killer,4 Proc 128 MB,32824,32768
New OOM Killer,4 Proc 128 MB,33614,32768
